<?xml version="1.0" encoding="UTF-8"?>
<model package="ulogin" baseClass="xPDOObject" platform="mysql" defaultEngine="MyISAM" phpdoc-package="ulogin" phpdoc-subpackage="model" version="1.0">
    <object class="uLoginUser" table="ulogin_user" extends="xPDOSimpleObject">
        <field key="user_id" dbtype="int" precision="10" attributes="unsigned" phptype="integer" null="false" default="0" />
        <field key="identity" dbtype="varchar" precision="255" phptype="string" null="false" default=""/>
        <field key="network" dbtype="varchar" precision="100" phptype="string" default=""/>
    </object>
    <object class="uLoginWidget" table="ulogin_widget" extends="xPDOSimpleObject">
        <field key="uloginid" dbtype="varchar" precision="100" phptype="string" default=""/>
    </object>
</model>